"","artistName","freq"
"1","Taylor Swift",1386
"2","Alessia Cara",693
"3","Maisie Peters",648
"4","Jake Scott",630
"5","JP Saxe",591
"6","Pentatonix",452
"7","Sara Bareilles",398
"8","Twenty One Pilots",389
"9","Shawn Mendes",356
"10","CAIN",307
"11","Halsey",250
"12","5 Seconds of Summer",226
"13","Camila Cabello",207
"14","AJR",206
"15","Morgan Wallen",204
"16","Lorde",194
"17","Olivia Rodrigo",193
"18","Dua Lipa",191
"19","Alec Benjamin",176
"20","Anthem Lights",162
"21","Ashe",162
"22","Sasha Alex Sloan",141
"23","Julia Michaels",136
"24","Bethel Music",133
"25","Demi Lovato",129
"26","Brett Eldredge",118
"27","Riley Clemmons",118
"28","Ellie Holcomb",117
"29","Lennon Stella",114
"30","Maverick City Music",114
"31","I AM THEY",110
"32","NEEDTOBREATHE",110
"33","Niall Horan",109
"34","Marielle Kraft",105
"35","Ryan Hurd",104
"36","John K",96
"37","Justin Bieber",95
"38","Brett Young",94
"39","Brynn Cartelli",94
"40","Jordan Davis",88
"41","Ed Sheeran",87
"42","Ludovico Einaudi",84
"43","Conan Gray",83
"44","Kacey Musgraves",83
"45","Hollyn",81
"46","Kelsea Ballerini",81
"47","Cate",80
"48","Tenille Townes",80
"49","Kane Brown",76
"50","Capital Lights",75
"51","Walker Hayes",75
"52","Bastille",69
"53","Tate McRae",69
"54","Why Don't We",69
"55","Ellie Goulding",68
"56","Maren Morris",65
"57","BLÜ EYES",63
"58","Ben Rector",59
"59","Michael Bublé",58
"60","Rachel Platten",58
"61","RaeLynn",58
"62","Thomas Rhett",57
"63","Bazzi",55
"64","Avenue Beat",54
"65","Carrie Underwood",54
"66","Hillsong Worship",54
"67","Billie Eilish",53
"68","Cimorelli",53
"69","Chris Lane",52
"70","Hannah Kerr",51
"71","LunchMoney Lewis",49
"72","Fifth Harmony",48
"73","Levi Hummon",48
"74","Kelly Clarkson",47
"75","Astrid S",46
"76","Hillsong UNITED",46
"77","Lauren Alaina",44
"78","Meghan Trainor",42
"79","Forest Blakk",41
"80","Machine Gun Kelly",41
"81","Relient K",41
"82","Tori Kelly",41
"83","Voices Of Lee",41
"84","blackbear",40
"85","Kodaline",40
"86","Lauren Daigle",40
"87","salem ilese",40
"88","Dan + Shay",39
"89","Alex & Sierra",38
"90","Bing Crosby",38
"91","Lee Brice",38
"92","Matt Maher",38
"93","Queen",38
"94","The Kid LAROI",38
"95","One Direction",37
"96","Taylor Bickett",37
"97","HARDY",36
"98","Maddie & Tae",36
"99","Jason Derulo",35
"100","John Mayer",35
"101","We Three",35
"102","The McClures",34
"103","Maddie Poppe",33
"104","We Are Messengers",33
"105","Avi Kaplan",32
"106","James TW",32
"107","Chris Renzema",31
"108","Hillsong Young & Free",31
"109","Mitchell Tenpenny",31
"110","Charlie Puth",30
"111","Stellar Kart",30
"112","Freya Ridings",29
"113","Mat Kearney",29
"114","Cam",28
"115","Runaway June",28
"116","BarlowGirl",27
"117","Jake Miller",27
"118","Mosaic MSC",27
"119","Faouzia",26
"120","Becky G",25
"121","Bruno Mars",25
"122","Vince Guaraldi Trio",25
"123","Shane & Shane",24
"124","Shea Salisbury",24
"125","The Sweeplings",24
"126","Cassadee Pope",23
"127","Cheat Codes",23
"128","Christina Perri",23
"129","Florida Georgia Line",23
"130","Gabby Barrett",23
"131","Haley Klinkhammer",23
"132","Bryan & Katie Torwalt",22
"133","Kari Jobe",22
"134","Little Mix",22
"135","Luke Combs",22
"136","Paramore",22
"137","Etham",21
"138","Jon Pardi",21
"139","Home Free",20
"140","Sarah Reeves",20
"141","The Red Jumpsuit Apparatus",20
"142","The Vamps",20
"143","Alan Walker",19
"144","Hailee Steinfeld",19
"145","High Valley",19
"146","Wilder Woods",19
"147","Gabrielle Aplin",18
"148","Ingrid Andress",18
"149","JJ Heller",18
"150","Johnnyswim",18
"151","Kansas",18
"152","Lauv",18
"153","Mckenna Grace",18
"154","Noah Cyrus",18
"155","Rixton",18
"156","Zac Brown Band",18
"157","All Sons & Daughters",17
"158","Anna Beck",17
"159","Daya",17
"160","Elias Dummer",17
"161","Influence Music",17
"162","Josie Dunne",17
"163","Matty Mullins",17
"164","Sam Hunt",17
"165","The Shires",17
"166","We The Kings",17
"167","ZAYN",17
"168","Ariana Grande",16
"169","Ella Henderson",16
"170","Fleetwood Mac",16
"171","FLETCHER",16
"172","for KING & COUNTRY",16
"173","Harry Styles",16
"174","James Arthur",16
"175","Lady A",16
"176","Ludwig van Beethoven",16
"177","Minnz Piano",16
"178","Newsboys",16
"179","Rebecca St. James",16
"180","Rend Collective",16
"181","Selena Gomez",16
"182","Tucker Beathard",16
"183","VERIDIA",16
"184","Adam Doleac",15
"185","Anna Clendening",15
"186","Bebe Rexha",15
"187","George Strait",15
"188","Michele McLaughlin",15
"189","Miley Cyrus",15
"190","Scotty McCreery",15
"191","Steffany Gretzinger",15
"192","Adele",14
"193","Brent Morgan",14
"194","Danielle Bradbery",14
"195","FRANKIE",14
"196","Van Halen",14
"197","Ava Max",13
"198","Bryan McCleery",13
"199","Clean Bandit",13
"200","Jana Kramer",13
"201","Jason Mraz",13
"202","Katelyn Tarver",13
"203","Manafest",13
"204","Perry Como",13
"205","The Sh*t in Our Heads ",13
"206","Tyler Rich",13
"207","Wrabel",13
"208","Brad Paisley",12
"209","Casting Crowns",12
"210","Gavin DeGraw",12
"211","George Ezra",12
"212","Josh Groban",12
"213","NF",12
"214","Passion",12
"215","Samestate",12
"216","The White Stripes",12
"217","Alan Jackson",11
"218","Alan Menken",11
"219","Aly & AJ",11
"220","Bea Miller",11
"221","Brigetta",11
"222","Burl Ives",11
"223","Colton Dixon",11
"224","Devin Dawson",11
"225","Diplo",11
"226","Dire Straits",11
"227","Dream",11
"228","Eric Church",11
"229","Grace VanderWaal",11
"230","Hunter Hayes",11
"231","Marshmello",11
"232","North Point Worship",11
"233","Owl City",11
"234","The Police",11
"235","Us The Duo",11
"236","Vance Joy",11
"237","Will Gittens",11
"238","Echosmith",10
"239","Ghost Ship",10
"240","Jon McLaughlin",10
"241","Kygo",10
"242","LANY",10
"243","Mariah Carey",10
"244","Maroon 5",10
"245","one sonic society",10
"246","Russell Dickerson",10
"247","Taylor Acorn",10
"248","The Beach Boys",10
"249","Thousand Foot Krutch",10
"250","Trevor Daniel",10
"251","Zedd",10
"252","Aloe Blacc",9
"253","Andy Grammer",9
"254","Avriel & the Sequoias",9
"255","Birdy",9
"256","Blake Shelton",9
"257","Blanca",9
"258","Blsng",9
"259","Carly Pearce",9
"260","Chris Tomlin",9
"261","Fall Out Boy",9
"262","Galantis",9
"263","Gone West",9
"264","Hawk Nelson",9
"265","Hudson Taylor",9
"266","Jake Owen",9
"267","Mokita",9
"268","Naomi Scott",9
"269","The Chainsmokers",9
"270","Tyler, The Creator",9
"271","Anson Seabra",8
"272","Ben Platt",8
"273","Britt Nicole",8
"274","Building 429",8
"275","Chris Young",8
"276","Cory Asbury",8
"277","Elevation Worship",8
"278","Emeli Sandé",8
"279","Frank Sinatra",8
"280","H.E.R.",8
"281","Imagine Dragons",8
"282","José Feliciano",8
"283","Nick Jonas",8
"284","Petra",8
"285","Ruth B.",8
"286","Sam Smith",8
"287","Tenth Avenue North",8
"288","Troye Sivan",8
"289","Wild Rivers",8
"290","Anne-Marie",7
"291","Bobby Helms",7
"292","Calvin Harris",7
"293","Capital Cities",7
"294","Cash Cash",7
"295","Chuck Berry",7
"296","Cody Fry",7
"297","Cody Simpson",7
"298","Cole Swindell",7
"299","Connie Talbot",7
"300","Dean Martin",7
"301","Dillon Carmichael",7
"302","Hailey Whitters",7
"303","Heather Sommer",7
"304","Jeremy Riddle",7
"305","Katy Perry",7
"306","Kimiko Glenn",7
"307","Lacey Sturm",7
"308","Luis Fonsi",7
"309","Matthew West",7
"310","Old Dominion",7
"311","On The Outside",7
"312","Quinn XCII",7
"313","Survivor",7
"314","Tasha Layton",7
"315","The Wanted",7
"316","Tim McGraw",7
"317","Timeflies",7
"318","Truslow",7
"319","Vertical Worship",7
"320","A Great Big World",6
"321","AC/DC",6
"322","Alex Kinsey",6
"323","All Time Low",6
"324","Andrew Ripp",6
"325","Big Daddy Weave",6
"326","Blake Rose",6
"327","Brooke Eden",6
"328","Clinton Kane",6
"329","Cody Carnes",6
"330","Disciple",6
"331","Guns N' Roses",6
"332","Jeremy Zucker",6
"333","Jon Bellion",6
"334","Jonas Brothers",6
"335","Joy Oladokun",6
"336","JP Cooper",6
"337","Keith Urban",6
"338","Lecrae",6
"339","Lizzy McAlpine",6
"340","Lynyrd Skynyrd",6
"341","MercyMe",6
"342","Milky Chance",6
"343","Pat Benatar",6
"344","Phil Wickham",6
"345","Rascal Flatts",6
"346","SafetySuit",6
"347","Sam Fischer",6
"348","Seaforth",6
"349","Sia",6
"350","Switchfoot",6
"351","Thurl Ravenscroft",6
"352","Alexander Cardinale",5
"353","American Authors",5
"354","BROODS",5
"355","Carly Rae Jepsen",5
"356","Chelsea Cutler",5
"357","Chris August",5
"358","Christina Aguilera",5
"359","David Dunn",5
"360","George Thorogood & The Destroyers",5
"361","Gracie Abrams",5
"362","House of Heroes",5
"363","Israel Kamakawiwo'ole",5
"364","Jacob Whitesides",5
"365","Jesus Culture",5
"366","Jim Carrey",5
"367","Jimmie Allen",5
"368","Joey + Rory",5
"369","Jordan Smith",5
"370","Journey",5
"371","Karmin",5
"372","Kings Kaleidoscope",5
"373","Lukas Graham",5
"374","MAX",5
"375","MKTO",5
"376","morgxn",5
"377","Nathan Sykes",5
"378","Niko Moon",5
"379","Nina Simone",5
"380","Noah Schnacky",5
"381","Olivia O'Brien",5
"382","OneRepublic",5
"383","Rhett Walker",5
"384","RPM (Relaxing Piano Music)",5
"385","Satellites & Sirens",5
"386","Sean Curran",5
"387","SEU Worship",5
"388","Tauren Wells",5
"389","The Band CAMINO",5
"390","The Beatles",5
"391","The Belonging Co",5
"392","The Weeknd",5
"393","Uncle Kracker",5
"394","Zach Hood",5
"395","Zara Larsson",5
"396","a-ha",4
"397","Andy Mineo",4
"398","Avery Wilson",4
"399","Band Aid",4
"400","BANNERS",4
"401","Boston",4
"402","Cale Dodds",4
"403","Caleb and Kelsey",4
"404","Calum Scott",4
"405","Capital Kings",4
"406","Caroline Jones",4
"407","Cavetown",4
"408","Danny Wright",4
"409","Dean Lewis",4
"410","Def Leppard",4
"411","Drew Holcomb",4
"412","Elle King",4
"413","Elvis Presley",4
"414","Eric Van Houten",4
"415","Filmore",4
"416","Francesca Battistelli",4
"417","G-Eazy",4
"418","GÉLICA",4
"419","Gene Autry",4
"420","Gloria Gaynor",4
"421","Henry Smith",4
"422","Holly Humberstone",4
"423","Ingrid Michaelson",4
"424","John Cullum",4
"425","John Denver",4
"426","Joshua Bassett",4
"427","Julie Andrews",4
"428","LANCO",4
"429","Lawrence",4
"430","Lindsey Stirling",4
"431","Local Sound",4
"432","LOCASH",4
"433","Louis Tomlinson",4
"434","Major Lazer",4
"435","Matt Stell",4
"436","Michelle Williams",4
"437","Miranda Lambert",4
"438","Mother Mother",4
"439","Naked Eyes",4
"440","NOTD",4
"441","Passenger",4
"442","Patrick Droney",4
"443","Ruel",4
"444","Sammy Kershaw",4
"445","Tenille Arts",4
"446","The Clash",4
"447","The Gray Havens",4
"448","The Knack",4
"449","The Piano Guys",4
"450","The Ronettes",4
"451","The Summer Set",4
"452","TobyMac",4
"453","Trent Harmon",4
"454","Vocal Rush",4
"455","We The Kingdom",4
"456","Zac Efron",4
"457","Zach Williams",4
"458","Amanda Lindsey Cook",3
"459","Audien",3
"460","Avicii",3
"461","benny blanco",3
"462","Bleachers",3
"463","BØRNS",3
"464","Brasstracks",3
"465","Charlie Brennan",3
"466","Citizen Way",3
"467","Clara Mae",3
"468","Coldplay",3
"469","Dylan Scott",3
"470","Elton John",3
"471","Emily James",3
"472","Eric Carmen",3
"473","Everfound",3
"474","Family Force 5",3
"475","FITZ",3
"476","Frédéric Chopin",3
"477","G.R.L.",3
"478","Hedley",3
"479","Idina Menzel",3
"480","Jamie Lawson",3
"481","Jeremy Jordan",3
"482","Jess Glynne",3
"483","Joe Darion",3
"484","Joe Nichols",3
"485","Johann Sebastian Bach",3
"486","John Legend",3
"487","John Travolta",3
"488","John Waller",3
"489","Jordan Fisher",3
"490","Jordy Searcy",3
"491","kirstin",3
"492","Kurt Hugo Schneider",3
"493","Lady Gaga",3
"494","Lainey Wilson",3
"495","Little Big Town",3
"496","Luke Hemmings",3
"497","Mabel",3
"498","MacKenzie Porter",3
"499","MAGIC!",3
"500","Martin Garrix",3
"501","Matt Hammitt",3
"502","Matthew Mole",3
"503","Meredith Andrews",3
"504","Meryl Streep",3
"505","Mike Mains & The Branches",3
"506","Noah Kahan",3
"507","Panic! At The Disco",3
"508","Parker McCollum",3
"509","Petey Martin",3
"510","PJ Harding",3
"511","PUBLIC",3
"512","Renée Zellweger",3
"513","Sabrina Carpenter",3
"514","Samuel E. Wright",3
"515","SHY Martin",3
"516","Sierra Boggess as Ariel",3
"517","Stian Jarrell",3
"518","Susan Egan",3
"519","The Afters",3
"520","The Boat Boys",3
"521","The Fray",3
"522","The Head And The Heart",3
"523","The Paper Kites",3
"524","Tim Hughes",3
"525","Traditional",3
"526","Adam Zampino",2
"527","AJ Mitchell",2
"528","Alesso",2
"529","Alexis Ffrench",2
"530","Andy Williams",2
"531","Anna Vaus",2
"532","Annelie",2
"533","Anthony Evans",2
"534","Audio Adrenaline",2
"535","Austyn Johnson",2
"536","Beckah Shae",2
"537","Beloved Melodies",2
"538","Beth McCarthy",2
"539","Big Red Machine",2
"540","Blake McGrath",2
"541","Bowling For Soup",2
"542","Boys Like Girls",2
"543","Brandon Heath",2
"544","Brandon Ratcliff",2
"545","Brave Holiday",2
"546","Brennen Henson",2
"547","Brittney Spencer",2
"548","BYRNE",2
"549","Caro Giek",2
"550","Chase Rice",2
"551","Christian French",2
"552","Cody Johnson",2
"553","COIN",2
"554","Colbie Caillat",2
"555","Darius Rucker",2
"556","David Guetta",2
"557","David Schultz",2
"558","Davide Locatelli",2
"559","Delilah",2
"560","DJ Snake",2
"561","DNCE",2
"562","Drake",2
"563","Dustin Lynch",2
"564","Field Guide",2
"565","Fireflight",2
"566","Flying Fingers",2
"567","Franz Liszt",2
"568","Gareth Emery",2
"569","Gatlin",2
"570","Gavin James",2
"571","Glades",2
"572","Glass Animals",2
"573","Group 1 Crew",2
"574","Gungor",2
"575","Heather Headley",2
"576","Hot Chelle Rae",2
"577","Ian Munsick",2
"578","ILLENIUM",2
"579","Jake Bugg",2
"580","James Harris",2
"581","James Smith",2
"582","Jamie Grace",2
"583","Jason Aldean",2
"584","Jason Gray",2
"585","Jay Joseph",2
"586","Jill Pitz",2
"587","Jimmy Needham",2
"588","Jodi Benson",2
"589","Joey Stamper",2
"590","John Bladh",2
"591","John Lennon",2
"592","Jon Batiste",2
"593","Jonathan Groff",2
"594","Jonathan Thulin",2
"595","Jonny Diaz",2
"596","Josh Baldwin",2
"597","Josh Kerr",2
"598","Joshua Howard",2
"599","Joshua Micah",2
"600","JUDAH.",2
"601","Judy Garland",2
"602","Juice WRLD",2
"603","Jules Amaro",2
"604","Kat & Alex",2
"605","Kelleigh Bannen",2
"606","Ken Dorset",2
"607","Kesha",2
"608","Khalid",2
"609","KJ-52",2
"610","Kristin Chenoweth",2
"611","Leaving Austin",2
"612","Leslie Odom Jr.",2
"613","Lewis Capaldi",2
"614","Lindsey Lomis",2
"615","Logic",2
"616","Loote",2
"617","Lost Stars",2
"618","Louis Landon",2
"619","lovelytheband",2
"620","Made For This with Jennie Allen",2
"621","Madilyn",2
"622","Madison Ryann Ward",2
"623","Måneskin",2
"624","Manny Heights",2
"625","Maranatha! Music",2
"626","Mark Ronson",2
"627","Mark Summer",2
"628","Megan Brown",2
"629","Melodores",2
"630","Michael Ray",2
"631","Michael W. Smith",2
"632","Mike Posner",2
"633","Morgan Evans",2
"634","Mumford & Sons",2
"635","Natalie Grant",2
"636","Nelly",2
"637","Nick Gardner",2
"638","Olivia Holt",2
"639","Olivia Newton-John",2
"640","Olly Murs",2
"641","Outsider Heart",2
"642","Parmalee",2
"643","PRETTYMUCH",2
"644","Rachel Bochner",2
"645","Rapture Ruckus",2
"646","RAYE",2
"647","Remedy Drive",2
"648","Rossini Hayward",2
"649","Ryn Weaver",2
"650","Sam Feldt",2
"651","Sandro Cavazza",2
"652","Sarah Brooks",2
"653","Sarcastic Sounds",2
"654","SAYGRACE",2
"655","Scientist",2
"656","Scorpions",2
"657","Sea Creatures - The Little Mermaid Original Broadway Cast",2
"658","Shane Harper",2
"659","shmavana shmantos",2
"660","Sidewalk Prophets",2
"661","Silk City",2
"662","Sody",2
"663","Son Lux",2
"664","Superchick",2
"665","Surfaces",2
"666","The All-American Rejects",2
"667","The Band Perry",2
"668","The Cocktails",2
"669","Thomas Jack",2
"670","Tom T. Hall",2
"671","Train",2
"672","Trip Lee",2
"673","University of Rochester YellowJackets",2
"674","Up First",2
"675","WATTS",2
"676","Witt Lowry",2
"677","X Ambassadors",2
"678","Zachary Knowles",2
"679","Zendaya",2
"680","*NSYNC",1
"681","1GN",1
"682","24kGoldn",1
"683","Aaron Cole",1
"684","Abandon Kansas",1
"685","Abby Anderson",1
"686","Adam Craig",1
"687","Adam Hambrick",1
"688","Adam Hicks",1
"689","Adam Melchor",1
"690","Adeline Hill",1
"691","Aisha Badru",1
"692","Akira Kosemura",1
"693","Alana Springsteen",1
"694","Alena Cherny",1
"695","alex",1
"696","Alex Angelo",1
"697","Alex Hall",1
"698","Alexa Cappelli",1
"699","Alexander 23",1
"700","Alina Baraz",1
"701","Alina Yanovna",1
"702","Allen Stone",1
"703","Alonestar",1
"704","Amy Krampf",1
"705","Amy Shark",1
"706","Anberlin",1
"707","Anchor + Bell",1
"708","Andrew Lloyd Webber",1
"709","Andrew Peterson",1
"710","Andrey Jackson",1
"711","Anna Golden",1
"712","Ant Clemons",1
"713","Apollo LTD",1
"714","Arthur Mass",1
"715","Artist Vs Poet",1
"716","Ashley Cooke",1
"717","Ashley McBryde",1
"718","Austin Burke",1
"719","Austin Mahone",1
"720","Austin Plaine",1
"721","Avalon",1
"722","Avril Lavigne",1
"723","Axel Flóvent",1
"724","Axwell /\ Ingrosso",1
"725","Ayoni",1
"726","Beach Bunny",1
"727","Bear's Den",1
"728","Becky Jane Taylor/Simon Hale",1
"729","Ben Cantelon",1
"730","Ben Crosland",1
"731","Benedict Cork",1
"732","Beren Olivia",1
"733","Beth Fowler",1
"734","binki",1
"735","Birds at Night",1
"736","Black Sabbath",1
"737","Bob Merrill",1
"738","Bon Jovi",1
"739","Brandi Carlile",1
"740","Brandon Lake",1
"741","Brenda Lee",1
"742","Brent Faiyaz",1
"743","Britney Spears",1
"744","Broadside",1
"745","Brooke Alexx",1
"746","BROWN & GRAY",1
"747","Bruce Springsteen",1
"748","Bryan Adams",1
"749","Bryan John Appleby",1
"750","Brynn Elliott",1
"751","BTS",1
"752","BYU Noteworthy",1
"753","BYU Vocal Point",1
"754","Cameo",1
"755","Camylio",1
"756","Captain Cuts",1
"757","Cardi B",1
"758","Carissa Alvarado",1
"759","Carlie Hanson",1
"760","Carole King",1
"761","Caroline Polachek",1
"762","Cartel",1
"763","Cascada",1
"764","Cate Downey",1
"765","Ceramic Animal",1
"766","Chandler Leighton",1
"767","Charlie Frazier",1
"768","Charlie Pittman",1
"769","Charlotte Sands",1
"770","Charmain Carr",1
"771","Charmian Carr",1
"772","Chase Matthew",1
"773","CHASE WRIGHT",1
"774","Chayce Beckham",1
"775","Chelsea Lankes",1
"776","Cher Lloyd",1
"777","CHIKA",1
"778","Chris Beard",1
"779","Chris Brown",1
"780","Chris Housman",1
"781","Chris Janson",1
"782","Chris Rea",1
"783","Chris Rice",1
"784","Chris Stapleton",1
"785","Christmas Music Holiday Trio",1
"786","Christmas Piano Players",1
"787","CHVRCHES",1
"788","Cian Ducrot",1
"789","Ciara",1
"790","City and Colour",1
"791","City Harbor",1
"792","Claire Perot",1
"793","Claribel Ramón",1
"794","Claude Debussy",1
"795","Cochren & Co.",1
"796","Con Alma",1
"797","Connor Price",1
"798","Crowder",1
"799","Dan Bremnes",1
"800","Danger Scene",1
"801","Daniel Powter",1
"802","Daniel Schulz",1
"803","Danny Padilla",1
"804","Danny Silberman",1
"805","Dante Bowe",1
"806","Daughters of Triton",1
"807","David Crowder Band",1
"808","David Nevue",1
"809","DC Talk",1
"810","Deacon D.A.S.",1
"811","Declan J Donovan",1
"812","Delirious?",1
"813","Depeche Mode",1
"814","Derek Minor",1
"815","Dermot Kennedy",1
"816","Dexys Midnight Runners",1
"817","Deza",1
"818","Dierks Bentley",1
"819","Dirk Maassen",1
"820","Disclosure",1
"821","Disney Studio Chorus",1
"822","DJ Casper",1
"823","Doeke",1
"824","Dolly Parton",1
"825","Domenico Scarlatti",1
"826","Dominic Cooper",1
"827","Don Henley",1
"828","Dorothy Loudon",1
"829","Drake White",1
"830","Drew Green",1
"831","Duncan Laurence",1
"832","Eagles",1
"833","Edvard Grieg",1
"834","eleventyseven",1
"835","Elina",1
"836","Ella Fitzgerald",1
"837","ELLIANA",1
"838","Elvie Shane",1
"839","Emile Pandolfi",1
"840","Emily Watts",1
"841","Emily Weisband",1
"842","Eminem",1
"843","Emma Shynes",1
"844","Ensemble - The Lion King",1
"845","Eric Badanti",1
"846","Erik Satie",1
"847","Erin Kinsey",1
"848","Erin Kirby",1
"849","Ever So Blue",1
"850","Eydís Evensen",1
"851","Ezio Bosso",1
"852","Faith No More",1
"853","FAITHFUL",1
"854","Faye Webster",1
"855","FFH",1
"856","filous",1
"857","FLAME",1
"858","Flyleaf",1
"859","Forever The Sickest Kids",1
"860","Fountains Of Wayne",1
"861","Francois Klark",1
"862","Franz Schubert",1
"863","Frédéric Leissen",1
"864","Gabriel Conte",1
"865","Gabrielle Taryn",1
"866","Gatton",1
"867","Genavieve Linkowski",1
"868","George Frideric Handel",1
"869","Go Radio",1
"870","Gracie Carol",1
"871","gray",1
"872","Greta Isaac",1
"873","Griff",1
"874","Grits",1
"875","Guy Sebastian",1
"876","Guy Van Nueten",1
"877","Gym Class Heroes",1
"878","Hailey Knox",1
"879","HAIM",1
"880","Hak Huyun Lee",1
"881","Haley Joelle",1
"882","Harley Alaska",1
"883","Hayley Reardon",1
"884","Hayley Williams",1
"885","Hey Violet",1
"886","Hilary Duff",1
"887","Hillary Scott & The Scott Family",1
"888","Holly Starr",1
"889","Housefires",1
"890","HRVY",1
"891","Hugh Jackman",1
"892","Hulvey",1
"893","Hunter Metts",1
"894","Irwin Kostal",1
"895","Isabel Pless",1
"896","Isaiah Firebrace",1
"897","Ivan Clarke",1
"898","Ivy Adara",1
"899","J.L. Marshall",1
"900","Jack Ingram",1
"901","Jaden Maskie",1
"902","James DiResta",1
"903","James Gaertner",1
"904","James Spaite",1
"905","Jameson Rodgers",1
"906","Jamie Miller",1
"907","Jane's Addiction",1
"908","Jars Of Clay",1
"909","Jason Isbell",1
"910","Jason Raize",1
"911","Jawsh 685",1
"912","JC Stewart",1
"913","Jean-Yves Thibaudet",1
"914","Jennifer Saran",1
"915","Jenny Lange",1
"916","Jervis Campbell",1
"917","Jesse Brown",1
"918","Jessica Andrea",1
"919","Jim Brickman",1
"920","Jimmy Eat World",1
"921","joan",1
"922","Joan Jett & The Blackhearts",1
"923","Joel Adams",1
"924","Johannes Brahms",1
"925","John Rutter",1
"926","Johnny Manuel",1
"927","Johnny Orlando",1
"928","JoJo",1
"929","Jonah Taylor",1
"930","Jonny Southard",1
"931","Jonny West",1
"932","Jordan Doww",1
"933","Jordin Sparks",1
"934","JORDY",1
"935","Jorge Grundman",1
"936","Josh Turner",1
"937","Josh Wilson",1
"938","Joy Meyer-Williams",1
"939","Judah & the Lion",1
"940","Julia Cooper",1
"941","Junior Garr",1
"942","Kaitlyn Dever",1
"943","Kameron Marlowe",1
"944","Kate Stephenson",1
"945","Kathleen",1
"946","Keala Settle",1
"947","Keiynan Lonsdale",1
"948","Kenny Loggins",1
"949","Kerrie Roberts",1
"950","Kevin Quinn",1
"951","Khruangbin",1
"952","Kidd G",1
"953","Kito",1
"954","Kolby Koloff",1
"955","KYLE",1
"956","Kylie Minogue",1
"957","Lana Del Rey",1
"958","Landry Cantrell",1
"959","Laur Elle",1
"960","Laura Marano",1
"961","Lauren Spencer-Smith",1
"962","Leanna Firestone",1
"963","Leidi",1
"964","Lemondrop",1
"965","LÉON",1
"966","Les Misérables-Original London Cast",1
"967","Lev",1
"968","Libor Kolman",1
"969","Life of Dillon",1
"970","Lihua Zhao",1
"971","Lindsay Ell",1
"972","Lindsay Liebro",1
"973","Line Dances",1
"974","Lisa Cimorelli",1
"975","Live Lounge Allstars",1
"976","Lizzo",1
"977","LO Worship",1
"978","Loren Allred",1
"979","LOS LEO",1
"980","Louis The Child",1
"981","Love & The Outcome",1
"982","Luis Álvarez",1
"983","Luke Bryan",1
"984","LVCRFT",1
"985","Lydia Laird",1
"986","Maddie Zahm",1
"987","Madison Beer",1
"988","Maggie Rogers",1
"989","Mags Duval",1
"990","Mandisa",1
"991","Mannis",1
"992","Marcus Johns",1
"993","Marie Miller",1
"994","Marissa Jaret Winokur",1
"995","Martin Stadtfeld",1
"996","Marvin Hamlisch",1
"997","Mary Mary",1
"998","Matt Luneburg",1
"999","Matthew Chaim",1
"1000","Matthew Parker",1
"1001","Maurice Ravel",1
"1002","Max Casella",1
"1003","Max Richter",1
"1004","Mayday Parade",1
"1005","McKenna Breinholt",1
"1006","Melting Oak",1
"1007","Men Without Hats",1
"1008","Mersisters - The Little Mermaid Original Broadway Cast",1
"1009","Merwin Foard as Pilot",1
"1010","Metallica",1
"1011","Micah Tyler",1
"1012","Michael Barnum",1
"1013","Michael Jackson",1
"1014","Mickey Guyton",1
"1015","Midland",1
"1016","Mikky Ekko",1
"1017","Miles Carter",1
"1018","Mino Monterosso",1
"1019","Monique Galant",1
"1020","Mr. Probz",1
"1021","Mud",1
"1022","My Brothers And I",1
"1023","Nahscha",1
"1024","Nat King Cole",1
"1025","Nat King Cole Trio",1
"1026","Natalie Jane",1
"1027","Natasha Richardson",1
"1028","Nate Smith",1
"1029","Nathan Dawe",1
"1030","New Hope Club",1
"1031","Niall Byrne",1
"1032","Noah Guthrie",1
"1033","Novo Amor",1
"1034","OBB",1
"1035","Octavien X",1
"1036","Olga Scheps",1
"1037","Oliver Heldens",1
"1038","Olivia Lane",1
"1039","Olivia Somerlyn",1
"1040","OREO feat. Owl City",1
"1041","P!nk",1
"1042","Pamela Goldings",1
"1043","Parson James",1
"1044","Party Pupils",1
"1045","Pat Carroll",1
"1046","Peggy Lee",1
"1047","Peter Cavallo",1
"1048","Piano Novel",1
"1049","Picture This",1
"1050","Pink Sweat$",1
"1051","Poison",1
"1052","Post Malone",1
"1053","Prince",1
"1054","Priscilla Betti",1
"1055","Priscilla Block",1
"1056","Pyotr Ilyich Tchaikovsky",1
"1057","Quinn Lewis",1
"1058","R. City",1
"1059","R3HAB",1
"1060","Rachel Zegler",1
"1061","Rag'n'Bone Man",1
"1062","Ragnar Seaholm",1
"1063","Ray LaMontagne",1
"1064","Raye Zaragoza",1
"1065","Raynes",1
"1066","Red Hearse",1
"1067","Regard",1
"1068","ReN",1
"1069","Rence",1
"1070","Rene Auberjonois",1
"1071","Renee Blair",1
"1072","Renée Elise Goldsberry",1
"1073","Rick Springfield",1
"1074","Rihanna",1
"1075","Robert Palmer",1
"1076","Rosalind James",1
"1077","Ross Harris",1
"1078","Ross Lynch",1
"1079","Ruido Rosa",1
"1080","Ruston Kelly",1
"1081","Ryan Mack",1
"1082","Saint Motel",1
"1083","Sam Pinkerton",1
"1084","Santana",1
"1085","Sara Kays",1
"1086","Sarah and the Sundays",1
"1087","Sarah Cothran",1
"1088","Sarah Kinsley",1
"1089","Scott Irby-Ranniar",1
"1090","Sean Palmer as Prince Eric",1
"1091","Shallou",1
"1092","Shaun Frank",1
"1093","Shawn Austin",1
"1094","Shawn Hook",1
"1095","Sherie Rene Scott as Ursula",1
"1096","Sheryl Crow",1
"1097","Shine Bright Baby",1
"1098","Ship's Chorus",1
"1099","Sia Furler",1
"1100","Sid The Great",1
"1101","Sigimund",1
"1102","Sigrid",1
"1103","Simple Plan",1
"1104","Sista Prod",1
"1105","Sk8trBoy17",1
"1106","Skrillex",1
"1107","Sky Dixon",1
"1108","Sleeping At Last",1
"1109","SnowGlow",1
"1110","Social Club Misfits",1
"1111","Sonicflood",1
"1112","Sophia Fracassi",1
"1113","Soulfire Revolution",1
"1114","Spencer Kane",1
"1115","Spencer Sutherland",1
"1116","Stan Whitmire",1
"1117","Stela Cole",1
"1118","Stephan Moccio",1
"1119","Stephen Stanley",1
"1120","Stephen Wake",1
"1121","Steven Curtis Chapman",1
"1122","Stevie Mackey",1
"1123","Stockard Channing",1
"1124","Stromae",1
"1125","Sueco",1
"1126","Sufi Sheman",1
"1127","Tasha Cobbs Leonard",1
"1128","Tayler Buono",1
"1129","Taylor Driskell",1
"1130","Tedashii",1
"1131","The Avett Brothers",1
"1132","The Barden Bellas",1
"1133","The Chicks",1
"1134","The Classic Crime",1
"1135","The Click Five",1
"1136","The Dailys",1
"1137","The Digital Age",1
"1138","The George Twins",1
"1139","THE GRTNS",1
"1140","The Jackson 5",1
"1141","The Magic Lantern",1
"1142","The Night Game",1
"1143","The Nor'easters",1
"1144","The Ready Set",1
"1145","The Rocket Summer",1
"1146","The Script",1
"1147","Thin Lizzy",1
"1148","Third Day",1
"1149","This Will Destroy You",1
"1150","Thumpasaurus",1
"1151","Tiësto",1
"1152","Timothy Keller Sermons Podcast by Gospel in Life",1
"1153","Tom Grennan",1
"1154","Tom Petty",1
"1155","Tom Walker",1
"1156","Tommy Lefroy",1
"1157","Tones And I",1
"1158","Tony Lieberman",1
"1159","Traditional Song",1
"1160","Transviolet",1
"1161","Travie McCoy",1
"1162","Travis Denning",1
"1163","Trella",1
"1164","Tritonal",1
"1165","Trousdale",1
"1166","Tsidii Le Loka",1
"1167","Twisted Sister",1
"1168","Tyler Maynard as Flotsam",1
"1169","U2",1
"1170","Unspoken",1
"1171","Valerie Broussard",1
"1172","Valerie June",1
"1173","Vanessa Carlton",1
"1174","Walk Off the Earth",1
"1175","Ward Thomas",1
"1176","Warren Zeiders",1
"1177","Wendy Oliver",1
"1178","Wes Fowler",1
"1179","Wham!",1
"1180","Willie Jones",1
"1181","Winnetka Bowling League",1
"1182","With Confidence",1
"1183","WRENN",1
"1184","Wyn Starks",1
"1185","Xie Qi",1
"1186","Yam Haus",1
"1187","Yiruma",1
"1188","Zach Rogers",1
"1189","Zak Abel",1
"1190","ZEE MACHINE",1
"1191","Zemfira Mironova",1
